
{
  "header": {
    "reportVersion": 2,
    "event": "Allocation failed - JavaScript heap out of memory",
    "trigger": "FatalError",
    "filename": "report.20210313.180231.1612.0.001.json",
    "dumpEventTime": "2021-03-13T18:02:31Z",
    "dumpEventTimeStamp": "1615640551227",
    "processId": 1612,
    "threadId": null,
    "cwd": "C:\\Users\\Mustfa\\Documents\\University\\Semester 8\\FYP\\FYP\\FYP-CLXP-main\\FYP-CLXP-main\\cloudxplor",
    "commandLine": [
      "node",
      "C:\\Users\\Mustfa\\Documents\\University\\Semester 8\\FYP\\FYP\\FYP-CLXP-main\\FYP-CLXP-main\\cloudxplor\\node_modules\\react-scripts\\scripts\\start.js"
    ],
    "nodejsVersion": "v12.16.2",
    "wordSize": 64,
    "arch": "x64",
    "platform": "win32",
    "componentVersions": {
      "node": "12.16.2",
      "v8": "7.8.279.23-node.34",
      "uv": "1.34.2",
      "zlib": "1.2.11",
      "brotli": "1.0.7",
      "ares": "1.15.0",
      "modules": "72",
      "nghttp2": "1.40.0",
      "napi": "5",
      "llhttp": "2.0.4",
      "http_parser": "2.9.3",
      "openssl": "1.1.1e",
      "cldr": "36.0",
      "icu": "65.1",
      "tz": "2019c",
      "unicode": "12.1"
    },
    "release": {
      "name": "node",
      "lts": "Erbium",
      "headersUrl": "https://nodejs.org/download/release/v12.16.2/node-v12.16.2-headers.tar.gz",
      "sourceUrl": "https://nodejs.org/download/release/v12.16.2/node-v12.16.2.tar.gz",
      "libUrl": "https://nodejs.org/download/release/v12.16.2/win-x64/node.lib"
    },
    "osName": "Windows_NT",
    "osRelease": "10.0.19041",
    "osVersion": "Windows 10 Pro",
    "osMachine": "x86_64",
    "cpus": [
      {
        "model": "Intel(R) Core(TM) i5-8400 CPU @ 2.80GHz",
        "speed": 2808,
        "user": 876265,
        "nice": 0,
        "sys": 598218,
        "idle": 17066375,
        "irq": 80359
      },
      {
        "model": "Intel(R) Core(TM) i5-8400 CPU @ 2.80GHz",
        "speed": 2808,
        "user": 1673078,
        "nice": 0,
        "sys": 496343,
        "idle": 16371437,
        "irq": 7218
      },
      {
        "model": "Intel(R) Core(TM) i5-8400 CPU @ 2.80GHz",
        "speed": 2808,
        "user": 1214156,
        "nice": 0,
        "sys": 390953,
        "idle": 16935625,
        "irq": 6468
      },
      {
        "model": "Intel(R) Core(TM) i5-8400 CPU @ 2.80GHz",
        "speed": 2808,
        "user": 1012750,
        "nice": 0,
        "sys": 366953,
        "idle": 17161031,
        "irq": 6125
      },
      {
        "model": "Intel(R) Core(TM) i5-8400 CPU @ 2.80GHz",
        "speed": 2808,
        "user": 923750,
        "nice": 0,
        "sys": 335187,
        "idle": 17281796,
        "irq": 6343
      },
      {
        "model": "Intel(R) Core(TM) i5-8400 CPU @ 2.80GHz",
        "speed": 2808,
        "user": 1003140,
        "nice": 0,
        "sys": 381484,
        "idle": 17156109,
        "irq": 4875
      }
    ],
    "networkInterfaces": [
      {
        "name": "Ethernet",
        "internal": false,
        "mac": "e0:d5:5e:4d:9d:7c",
        "address": "fe80::95f5:7461:e312:2a04",
        "netmask": "ffff:ffff:ffff:ffff::",
        "family": "IPv6",
        "scopeid": 17
      },
      {
        "name": "Ethernet",
        "internal": false,
        "mac": "e0:d5:5e:4d:9d:7c",
        "address": "192.168.100.6",
        "netmask": "255.255.255.0",
        "family": "IPv4"
      },
      {
        "name": "Loopback Pseudo-Interface 1",
        "internal": true,
        "mac": "00:00:00:00:00:00",
        "address": "::1",
        "netmask": "ffff:ffff:ffff:ffff:ffff:ffff:ffff:ffff",
        "family": "IPv6",
        "scopeid": 0
      },
      {
        "name": "Loopback Pseudo-Interface 1",
        "internal": true,
        "mac": "00:00:00:00:00:00",
        "address": "127.0.0.1",
        "netmask": "255.0.0.0",
        "family": "IPv4"
      }
    ],
    "host": "BEAST"
  },
  "javascriptStack": {
    "message": "No stack.",
    "stack": [
      "Unavailable."
    ]
  },
  "nativeStack": [
    {
      "pc": "0x00007ff6a12a2309",
      "symbol": "std::basic_ostream<char,std::char_traits<char> >::operator<<+11577"
    },
    {
      "pc": "0x00007ff6a12a6869",
      "symbol": "std::basic_ostream<char,std::char_traits<char> >::operator<<+29337"
    },
    {
      "pc": "0x00007ff6a12a56e8",
      "symbol": "std::basic_ostream<char,std::char_traits<char> >::operator<<+24856"
    },
    {
      "pc": "0x00007ff6a13cdd82",
      "symbol": "v8::base::CPU::has_sse+59378"
    },
    {
      "pc": "0x00007ff6a1bea27e",
      "symbol": "v8::Isolate::ReportExternalAllocationLimitReached+94"
    },
    {
      "pc": "0x00007ff6a1bd2351",
      "symbol": "v8::SharedArrayBuffer::Externalize+833"
    },
    {
      "pc": "0x00007ff6a1a9e8ac",
      "symbol": "v8::internal::Heap::EphemeronKeyWriteBarrierFromCode+1436"
    },
    {
      "pc": "0x00007ff6a1aa9ae0",
      "symbol": "v8::internal::Heap::ProtectUnprotectedMemoryChunks+1312"
    },
    {
      "pc": "0x00007ff6a1aa6604",
      "symbol": "v8::internal::Heap::PageFlagsAreConsistent+3204"
    },
    {
      "pc": "0x00007ff6a1a9be03",
      "symbol": "v8::internal::Heap::CollectGarbage+1283"
    },
    {
      "pc": "0x00007ff6a1a9a474",
      "symbol": "v8::internal::Heap::AddRetainedMap+2452"
    },
    {
      "pc": "0x00007ff6a1abb67d",
      "symbol": "v8::internal::Factory::NewFillerObject+61"
    },
    {
      "pc": "0x00007ff6a18213d1",
      "symbol": "v8::internal::interpreter::JumpTableTargetOffsets::iterator::operator=+1665"
    },
    {
      "pc": "0x00007ff6a203730d",
      "symbol": "v8::internal::SetupIsolateDelegate::SetupHeap+546637"
    },
    {
      "pc": "0x00007ff6a203823d",
      "symbol": "v8::internal::SetupIsolateDelegate::SetupHeap+550525"
    },
    {
      "pc": "0x00007ff6a2074470",
      "symbol": "v8::internal::SetupIsolateDelegate::SetupHeap+796848"
    },
    {
      "pc": "0x00007ff6a2023e57",
      "symbol": "v8::internal::SetupIsolateDelegate::SetupHeap+467607"
    },
    {
      "pc": "0x0000034b1adce737",
      "symbol": ""
    }
  ],
  "javascriptHeap": {
    "totalMemory": 2162831360,
    "totalCommittedMemory": 2162831360,
    "usedMemory": 2143586680,
    "availableMemory": 44861928,
    "memoryLimit": 2197815296,
    "heapSpaces": {
      "read_only_space": {
        "memorySize": 262144,
        "committedMemory": 262144,
        "capacity": 32808,
        "used": 32808,
        "available": 0
      },
      "new_space": {
        "memorySize": 10485760,
        "committedMemory": 10485760,
        "capacity": 5237280,
        "used": 1139016,
        "available": 4098264
      },
      "old_space": {
        "memorySize": 2072649728,
        "committedMemory": 2072649728,
        "capacity": 2064758736,
        "used": 2064216288,
        "available": 542448
      },
      "code_space": {
        "memorySize": 2002944,
        "committedMemory": 2002944,
        "capacity": 1751904,
        "used": 1751904,
        "available": 0
      },
      "map_space": {
        "memorySize": 3936256,
        "committedMemory": 3936256,
        "capacity": 3147840,
        "used": 3147840,
        "available": 0
      },
      "large_object_space": {
        "memorySize": 72871936,
        "committedMemory": 72871936,
        "capacity": 72754536,
        "used": 72754536,
        "available": 0
      },
      "code_large_object_space": {
        "memorySize": 622592,
        "committedMemory": 622592,
        "capacity": 544288,
        "used": 544288,
        "available": 0
      },
      "new_large_object_space": {
        "memorySize": 0,
        "committedMemory": 0,
        "capacity": 5237280,
        "used": 0,
        "available": 5237280
      }
    }
  },
  "resourceUsage": {
    "userCpuSeconds": 82.687,
    "kernelCpuSeconds": 3.437,
    "cpuConsumptionPercent": 226.642,
    "maxRss": 2282827776,
    "pageFaults": {
      "IORequired": 853295,
      "IONotRequired": 0
    },
    "fsActivity": {
      "reads": 6281,
      "writes": 5
    }
  },
  "libuv": [
  ],
  "workers": [
  ],
  "environmentVariables": {
    "ALLUSERSPROFILE": "C:\\ProgramData",
    "APPDATA": "C:\\Users\\Mustfa\\AppData\\Roaming",
    "BABEL_ENV": "development",
    "CHROME_CRASHPAD_PIPE_NAME": "\\\\.\\pipe\\crashpad_2244_XXITKCWDCDCUZWGN",
    "COLORTERM": "truecolor",
    "CommonProgramFiles": "C:\\Program Files\\Common Files",
    "CommonProgramFiles(x86)": "C:\\Program Files (x86)\\Common Files",
    "CommonProgramW6432": "C:\\Program Files\\Common Files",
    "COMPUTERNAME": "BEAST",
    "ComSpec": "C:\\WINDOWS\\system32\\cmd.exe",
    "dp0": "C:\\Users\\Mustfa\\Documents\\University\\Semester 8\\FYP\\FYP\\FYP-CLXP-main\\FYP-CLXP-main\\cloudxplor\\node_modules\\.bin\\",
    "DriverData": "C:\\Windows\\System32\\Drivers\\DriverData",
    "GIT_ASKPASS": "c:\\Users\\Mustfa\\AppData\\Local\\Programs\\Microsoft VS Code\\resources\\app\\extensions\\git\\dist\\askpass.sh",
    "HOME": "C:\\Users\\Mustfa",
    "HOMEDRIVE": "C:",
    "HOMEPATH": "\\Users\\Mustfa",
    "INIT_CWD": "C:\\Users\\Mustfa\\Documents\\University\\Semester 8\\FYP\\FYP\\FYP-CLXP-main\\FYP-CLXP-main\\cloudxplor",
    "LANG": "en_US.UTF-8",
    "LOCALAPPDATA": "C:\\Users\\Mustfa\\AppData\\Local",
    "LOGONSERVER": "\\\\BEAST",
    "NODE": "C:\\Program Files\\nodejs\\node.exe",
    "NODE_ENV": "development",
    "NODE_EXE": "C:\\Program Files\\nodejs\\\\node.exe",
    "NODE_PATH": "",
    "NPM_CLI_JS": "C:\\Program Files\\nodejs\\\\node_modules\\npm\\bin\\npm-cli.js",
    "npm_config_access": "",
    "npm_config_allow_same_version": "",
    "npm_config_also": "",
    "npm_config_always_auth": "",
    "npm_config_argv": "{\"remain\":[],\"cooked\":[\"start\"],\"original\":[\"start\"]}",
    "npm_config_audit": "true",
    "npm_config_audit_level": "low",
    "npm_config_auth_type": "legacy",
    "npm_config_before": "",
    "npm_config_bin_links": "true",
    "npm_config_browser": "",
    "npm_config_ca": "",
    "npm_config_cache": "C:\\Users\\Mustfa\\AppData\\Roaming\\npm-cache",
    "npm_config_cache_lock_retries": "10",
    "npm_config_cache_lock_stale": "60000",
    "npm_config_cache_lock_wait": "10000",
    "npm_config_cache_max": "Infinity",
    "npm_config_cache_min": "10",
    "npm_config_cafile": "",
    "npm_config_cert": "",
    "npm_config_cidr": "",
    "npm_config_color": "true",
    "npm_config_commit_hooks": "true",
    "npm_config_depth": "Infinity",
    "npm_config_description": "true",
    "npm_config_dev": "",
    "npm_config_dry_run": "",
    "npm_config_editor": "notepad.exe",
    "npm_config_engine_strict": "",
    "npm_config_fetch_retries": "2",
    "npm_config_fetch_retry_factor": "10",
    "npm_config_fetch_retry_maxtimeout": "60000",
    "npm_config_fetch_retry_mintimeout": "10000",
    "npm_config_force": "",
    "npm_config_format_package_lock": "true",
    "npm_config_fund": "true",
    "npm_config_git": "git",
    "npm_config_git_tag_version": "true",
    "npm_config_global": "",
    "npm_config_globalconfig": "C:\\Users\\Mustfa\\AppData\\Roaming\\npm\\etc\\npmrc",
    "npm_config_globalignorefile": "C:\\Users\\Mustfa\\AppData\\Roaming\\npm\\etc\\npmignore",
    "npm_config_global_style": "",
    "npm_config_group": "",
    "npm_config_ham_it_up": "",
    "npm_config_heading": "npm",
    "npm_config_https_proxy": "",
    "npm_config_if_present": "",
    "npm_config_ignore_prepublish": "",
    "npm_config_ignore_scripts": "",
    "npm_config_init_author_email": "",
    "npm_config_init_author_name": "",
    "npm_config_init_author_url": "",
    "npm_config_init_license": "ISC",
    "npm_config_init_module": "C:\\Users\\Mustfa\\.npm-init.js",
    "npm_config_init_version": "1.0.0",
    "npm_config_json": "",
    "npm_config_key": "",
    "npm_config_legacy_bundling": "",
    "npm_config_link": "",
    "npm_config_local_address": "",
    "npm_config_loglevel": "notice",
    "npm_config_logs_max": "10",
    "npm_config_long": "",
    "npm_config_maxsockets": "50",
    "npm_config_message": "%s",
    "npm_config_metrics_registry": "https://registry.npmjs.org/",
    "npm_config_node_gyp": "C:\\Program Files\\nodejs\\node_modules\\npm\\node_modules\\node-gyp\\bin\\node-gyp.js",
    "npm_config_node_options": "",
    "npm_config_node_version": "12.16.2",
    "npm_config_noproxy": "",
    "npm_config_offline": "",
    "npm_config_onload_script": "",
    "npm_config_only": "",
    "npm_config_optional": "true",
    "npm_config_otp": "",
    "npm_config_package_lock": "true",
    "npm_config_package_lock_only": "",
    "npm_config_parseable": "",
    "npm_config_prefer_offline": "",
    "npm_config_prefer_online": "",
    "npm_config_prefix": "C:\\Users\\Mustfa\\AppData\\Roaming\\npm",
    "npm_config_preid": "",
    "npm_config_production": "",
    "npm_config_progress": "true",
    "npm_config_proxy": "",
    "npm_config_read_only": "",
    "npm_config_rebuild_bundle": "true",
    "npm_config_registry": "https://registry.npmjs.org/",
    "npm_config_rollback": "true",
    "npm_config_save": "true",
    "npm_config_save_bundle": "",
    "npm_config_save_dev": "",
    "npm_config_save_exact": "",
    "npm_config_save_optional": "",
    "npm_config_save_prefix": "^",
    "npm_config_save_prod": "",
    "npm_config_scope": "",
    "npm_config_scripts_prepend_node_path": "warn-only",
    "npm_config_script_shell": "",
    "npm_config_searchexclude": "",
    "npm_config_searchlimit": "20",
    "npm_config_searchopts": "",
    "npm_config_searchstaleness": "900",
    "npm_config_send_metrics": "",
    "npm_config_shell": "C:\\WINDOWS\\system32\\cmd.exe",
    "npm_config_shrinkwrap": "true",
    "npm_config_sign_git_commit": "",
    "npm_config_sign_git_tag": "",
    "npm_config_sso_poll_frequency": "500",
    "npm_config_sso_type": "oauth",
    "npm_config_strict_ssl": "true",
    "npm_config_tag": "latest",
    "npm_config_tag_version_prefix": "v",
    "npm_config_timing": "",
    "npm_config_tmp": "C:\\Users\\Mustfa\\AppData\\Local\\Temp",
    "npm_config_umask": "0000",
    "npm_config_unicode": "",
    "npm_config_unsafe_perm": "true",
    "npm_config_update_notifier": "true",
    "npm_config_usage": "",
    "npm_config_user": "",
    "npm_config_userconfig": "C:\\Users\\Mustfa\\.npmrc",
    "npm_config_user_agent": "npm/6.14.4 node/v12.16.2 win32 x64",
    "npm_config_version": "",
    "npm_config_versions": "",
    "npm_config_viewer": "browser",
    "npm_execpath": "C:\\Program Files\\nodejs\\node_modules\\npm\\bin\\npm-cli.js",
    "npm_lifecycle_event": "start",
    "npm_lifecycle_script": "react-scripts start",
    "npm_node_execpath": "C:\\Program Files\\nodejs\\node.exe",
    "npm_package_browserslist_development_0": "last 1 chrome version",
    "npm_package_browserslist_development_1": "last 1 firefox version",
    "npm_package_browserslist_development_2": "last 1 safari version",
    "npm_package_browserslist_production_0": ">0.2%",
    "npm_package_browserslist_production_1": "not dead",
    "npm_package_browserslist_production_2": "not op_mini all",
    "npm_package_dependencies_axios": "^0.21.0",
    "npm_package_dependencies_bootstrap": "^4.5.2",
    "npm_package_dependencies_firebase": "^8.2.1",
    "npm_package_dependencies_jsdom": "^16.4.0",
    "npm_package_dependencies_plotly_js": "^1.58.4",
    "npm_package_dependencies_react": "^16.13.1",
    "npm_package_dependencies_react_bootstrap": "^1.3.0",
    "npm_package_dependencies_react_dom": "^16.13.1",
    "npm_package_dependencies_react_icons": "^3.11.0",
    "npm_package_dependencies_react_plotly_js": "^2.5.1",
    "npm_package_dependencies_react_router_dom": "^5.2.0",
    "npm_package_dependencies_react_scripts": "3.4.3",
    "npm_package_dependencies_react_validation": "^3.0.7",
    "npm_package_dependencies_recharts": "^1.8.5",
    "npm_package_dependencies_validator": "^13.5.2",
    "npm_package_dependencies__testing_library_jest_dom": "^4.2.4",
    "npm_package_dependencies__testing_library_react": "^9.5.0",
    "npm_package_dependencies__testing_library_user_event": "^7.2.1",
    "npm_package_description": "This project was bootstrapped with [Create React App](https://github.com/facebook/create-react-app).",
    "npm_package_eslintConfig_extends": "react-app",
    "npm_package_name": "cloudxplor",
    "npm_package_private": "true",
    "npm_package_proxy": "http://localhost:8080",
    "npm_package_readmeFilename": "README.md",
    "npm_package_scripts_build": "react-scripts build",
    "npm_package_scripts_eject": "react-scripts eject",
    "npm_package_scripts_start": "react-scripts start",
    "npm_package_scripts_test": "react-scripts test",
    "npm_package_version": "0.1.0",
    "NPM_PREFIX_NPM_CLI_JS": "C:\\Users\\Mustfa\\AppData\\Roaming\\npm\\node_modules\\npm\\bin\\npm-cli.js",
    "NUMBER_OF_PROCESSORS": "6",
    "OneDrive": "C:\\Users\\Mustfa\\OneDrive",
    "OneDriveConsumer": "C:\\Users\\Mustfa\\OneDrive",
    "ORIGINAL_XDG_CURRENT_DESKTOP": "undefined",
    "OS": "Windows_NT",
    "Path": "C:\\Program Files\\nodejs\\node_modules\\npm\\node_modules\\npm-lifecycle\\node-gyp-bin;C:\\Users\\Mustfa\\Documents\\University\\Semester 8\\FYP\\FYP\\FYP-CLXP-main\\FYP-CLXP-main\\cloudxplor\\node_modules\\.bin;C:\\Program Files\\Python38\\Scripts\\;C:\\Program Files\\Python38\\;C:\\WINDOWS\\system32;C:\\WINDOWS;C:\\WINDOWS\\System32\\Wbem;C:\\WINDOWS\\System32\\WindowsPowerShell\\v1.0\\;C:\\WINDOWS\\System32\\OpenSSH\\;C:\\Program Files\\nodejs\\;C:\\Program Files\\Git\\cmd;C:\\Program Files\\Java\\jdk-12.0.1\\bin;C:\\Users\\Mustfa\\AppData\\Local\\Microsoft\\WindowsApps;;C:\\Users\\Mustfa\\AppData\\Local\\Programs\\Microsoft VS Code\\bin;C:\\Users\\Mustfa\\AppData\\Roaming\\npm;C:\\Program Files\\heroku\\bin",
    "PATHEXT": ".COM;.EXE;.BAT;.CMD;.VBS;.VBE;.JSE;.WSF;.WSH;.MSC;.PY;.PYW;.CPL",
    "PROCESSOR_ARCHITECTURE": "AMD64",
    "PROCESSOR_IDENTIFIER": "Intel64 Family 6 Model 158 Stepping 10, GenuineIntel",
    "PROCESSOR_LEVEL": "6",
    "PROCESSOR_REVISION": "9e0a",
    "ProgramData": "C:\\ProgramData",
    "ProgramFiles": "C:\\Program Files",
    "ProgramFiles(x86)": "C:\\Program Files (x86)",
    "ProgramW6432": "C:\\Program Files",
    "PROMPT": "$P$G",
    "PSModulePath": "C:\\Users\\Mustfa\\Documents\\WindowsPowerShell\\Modules;C:\\Program Files\\WindowsPowerShell\\Modules;C:\\WINDOWS\\system32\\WindowsPowerShell\\v1.0\\Modules",
    "PUBLIC": "C:\\Users\\Public",
    "REACT_APP_FIREBASE_API_KEY": "AIzaSyCztkw8cBTRphx4NtKWpy3y7TFRm__qtMM",
    "REACT_APP_FIREBASE_APP_ID": "1:185435046967:web:f840c2de2401c317bc6bb2",
    "REACT_APP_FIREBASE_AUTH_DOMAIN": "cloudxplor-50893.firebaseapp.com",
    "REACT_APP_FIREBASE_MESSAGING_SENDER_ID": "185435046967",
    "REACT_APP_FIREBASE_PROJECT_ID": "cloudxplor-50893",
    "REACT_APP_FIREBASE_STORAGE_BUCKET": "cloudxplor-50893.appspot.com",
    "SESSIONNAME": "Console",
    "SystemDrive": "C:",
    "SystemRoot": "C:\\WINDOWS",
    "TEMP": "C:\\Users\\Mustfa\\AppData\\Local\\Temp",
    "TERM_PROGRAM": "vscode",
    "TERM_PROGRAM_VERSION": "1.54.2",
    "TMP": "C:\\Users\\Mustfa\\AppData\\Local\\Temp",
    "USERDOMAIN": "BEAST",
    "USERDOMAIN_ROAMINGPROFILE": "BEAST",
    "USERNAME": "Mustafa",
    "USERPROFILE": "C:\\Users\\Mustfa",
    "VSCODE_GIT_ASKPASS_MAIN": "c:\\Users\\Mustfa\\AppData\\Local\\Programs\\Microsoft VS Code\\resources\\app\\extensions\\git\\dist\\askpass-main.js",
    "VSCODE_GIT_ASKPASS_NODE": "C:\\Users\\Mustfa\\AppData\\Local\\Programs\\Microsoft VS Code\\Code.exe",
    "VSCODE_GIT_IPC_HANDLE": "\\\\.\\pipe\\vscode-git-334bb12f56-sock",
    "WEBPACK_DEV_SERVER": "true",
    "windir": "C:\\WINDOWS",
    "_prog": "node"
  },
  "sharedObjects": [
    "C:\\Program Files\\nodejs\\node.exe",
    "C:\\WINDOWS\\SYSTEM32\\ntdll.dll",
    "C:\\WINDOWS\\System32\\KERNEL32.DLL",
    "C:\\WINDOWS\\System32\\KERNELBASE.dll",
    "C:\\WINDOWS\\System32\\WS2_32.dll",
    "C:\\WINDOWS\\System32\\RPCRT4.dll",
    "C:\\WINDOWS\\SYSTEM32\\dbghelp.dll",
    "C:\\WINDOWS\\System32\\PSAPI.DLL",
    "C:\\WINDOWS\\System32\\ucrtbase.dll",
    "C:\\WINDOWS\\System32\\ADVAPI32.dll",
    "C:\\WINDOWS\\SYSTEM32\\IPHLPAPI.DLL",
    "C:\\WINDOWS\\SYSTEM32\\USERENV.dll",
    "C:\\WINDOWS\\System32\\msvcrt.dll",
    "C:\\WINDOWS\\System32\\sechost.dll",
    "C:\\WINDOWS\\System32\\USER32.dll",
    "C:\\WINDOWS\\System32\\win32u.dll",
    "C:\\WINDOWS\\System32\\GDI32.dll",
    "C:\\WINDOWS\\System32\\gdi32full.dll",
    "C:\\WINDOWS\\System32\\msvcp_win.dll",
    "C:\\WINDOWS\\System32\\CRYPT32.dll",
    "C:\\WINDOWS\\System32\\bcrypt.dll",
    "C:\\WINDOWS\\SYSTEM32\\WINMM.dll",
    "C:\\WINDOWS\\System32\\IMM32.DLL",
    "C:\\WINDOWS\\SYSTEM32\\powrprof.dll",
    "C:\\WINDOWS\\SYSTEM32\\UMPDC.dll",
    "C:\\WINDOWS\\SYSTEM32\\CRYPTBASE.DLL",
    "C:\\WINDOWS\\system32\\uxtheme.dll",
    "C:\\WINDOWS\\System32\\combase.dll",
    "C:\\WINDOWS\\system32\\mswsock.dll",
    "C:\\WINDOWS\\SYSTEM32\\kernel.appcore.dll",
    "C:\\WINDOWS\\System32\\bcryptprimitives.dll",
    "C:\\WINDOWS\\System32\\NSI.dll",
    "C:\\WINDOWS\\SYSTEM32\\dhcpcsvc6.DLL",
    "C:\\WINDOWS\\SYSTEM32\\dhcpcsvc.DLL",
    "C:\\WINDOWS\\SYSTEM32\\DNSAPI.dll",
    "C:\\WINDOWS\\system32\\napinsp.dll",
    "C:\\WINDOWS\\system32\\pnrpnsp.dll",
    "C:\\WINDOWS\\system32\\wshbth.dll",
    "C:\\WINDOWS\\system32\\NLAapi.dll",
    "C:\\WINDOWS\\System32\\winrnr.dll",
    "C:\\Windows\\System32\\rasadhlp.dll",
    "C:\\WINDOWS\\System32\\fwpuclnt.dll"
  ]
}